{
  "uid" : "ab17fc5a4eb3bca4b216b548c7f9fcbc",
  "name" : "timeline",
  "children" : [ {
    "name" : "LAPTOP-4F3KR3S3",
    "children" : [ {
      "name" : "15420-MainThread",
      "children" : [ {
        "name" : "test_delete_member[userid存在，token也正确，删除联系人成功]",
        "uid" : "58c92e0599480c97",
        "parentUid" : "abfd3936af7d82db91e43958d8ea293b",
        "status" : "passed",
        "time" : {
          "start" : 1606398809010,
          "stop" : 1606398809381,
          "duration" : 371
        },
        "flaky" : false,
        "newFailed" : false,
        "parameters" : [ "0", "'deleted'", "'tongtongtong1234'" ]
      }, {
        "name" : "test_add_member[userid、mobile、department、name存在而且不重复，添加成功]",
        "uid" : "30ebce23b941f522",
        "parentUid" : "abfd3936af7d82db91e43958d8ea293b",
        "status" : "passed",
        "time" : {
          "start" : 1606398807988,
          "stop" : 1606398808379,
          "duration" : 391
        },
        "flaky" : false,
        "newFailed" : false,
        "parameters" : [ "[1, 2]", "0", "'created'", "'13172667777'", "'tongtongtong1234'", "'tongtongtong1234'" ]
      }, {
        "name" : "test_add_member_smoke",
        "uid" : "c0edf9b030263136",
        "parentUid" : "abfd3936af7d82db91e43958d8ea293b",
        "status" : "broken",
        "time" : {
          "start" : 1606398809931,
          "stop" : 1606398809931,
          "duration" : 0
        },
        "flaky" : false,
        "newFailed" : false,
        "parameters" : [ ]
      }, {
        "name" : "test_add_member[userid存在，添加失败]",
        "uid" : "2dc97f129a43c141",
        "parentUid" : "abfd3936af7d82db91e43958d8ea293b",
        "status" : "passed",
        "time" : {
          "start" : 1606398808414,
          "stop" : 1606398808706,
          "duration" : 292
        },
        "flaky" : false,
        "newFailed" : false,
        "parameters" : [ "[1, 2]", "60102", "'userid exist'", "'13172668887'", "'tong'", "'tong'" ]
      }, {
        "name" : "test_delete_member[userid不存在，删除失败]",
        "uid" : "1aa1112068426da2",
        "parentUid" : "abfd3936af7d82db91e43958d8ea293b",
        "status" : "passed",
        "time" : {
          "start" : 1606398809401,
          "stop" : 1606398809619,
          "duration" : 218
        },
        "flaky" : false,
        "newFailed" : false,
        "parameters" : [ "60111", "'userid not found'", "'tongtongtongtong'" ]
      }, {
        "name" : "test_delete_member[userid非法，删除失败]",
        "uid" : "8ff9e4a0f7a207d8",
        "parentUid" : "abfd3936af7d82db91e43958d8ea293b",
        "status" : "passed",
        "time" : {
          "start" : 1606398809646,
          "stop" : 1606398809916,
          "duration" : 270
        },
        "flaky" : false,
        "newFailed" : false,
        "parameters" : [ "60111", "'userid not found'", "'?<>$%^&*'" ]
      } ],
      "uid" : "abfd3936af7d82db91e43958d8ea293b"
    }, {
      "name" : "16376-MainThread",
      "children" : [ {
        "name" : "test_add_member_smoke",
        "uid" : "a4c038380bd9d8e0",
        "parentUid" : "49b2782cc596ec07806115ca8a3e7025",
        "status" : "broken",
        "time" : {
          "start" : 1606398554805,
          "stop" : 1606398554805,
          "duration" : 0
        },
        "flaky" : false,
        "newFailed" : false,
        "parameters" : [ ]
      } ],
      "uid" : "49b2782cc596ec07806115ca8a3e7025"
    } ],
    "uid" : "0706cb0d80edbd021313705f94e7d421"
  } ]
}